Episode #	Title	Series	Episode Page URL	Embed Video URL	Direct Video Stream URL	Status
None	El Misterio de la Carne	Danny Phantom	https://www.lacartoons.com/serie/capitulo/8527?t=1	https://dhtpre.com/embed/9d52hw5afm54		OK
None	Sin Memoria	Danny Phantom	https://www.lacartoons.com/serie/capitulo/8547?t=2	https://dhtpre.com/embed/3uayrejhr3i3		OK
None	Ojo por Ojo	Danny Phantom	https://www.lacartoons.com/serie/capitulo/8564?t=3	https://dhtpre.com/embed/36avkgdxeuql		OK
None	El lazo familiar	Danny Phantom	https://www.lacartoons.com/serie/capitulo/8528?t=1	https://dhtpre.com/embed/58siqcbw2llw		OK
None	El Hospital Fantasma	Danny Phantom	https://www.lacartoons.com/serie/capitulo/8548?t=2	https://dhtpre.com/embed/90h9mhgoyu2x		OK
None	Reinos Infinitos	Danny Phantom	https://www.lacartoons.com/serie/capitulo/8565?t=3	https://dhtpre.com/embed/c1c31fyt1o5i		EMBED_ERROR: HTTP Error 503: Service Unavailable
None	El Único En Su Especie	Danny Phantom	https://www.lacartoons.com/serie/capitulo/8529?t=1	https://dhtpre.com/embed/95tdl16r3iiu		OK
None	Radio Pirata	Danny Phantom	https://www.lacartoons.com/serie/capitulo/8549?t=2	https://dhtpre.com/embed/fvrduo5ogbjp		OK
None	Noche de Chicas	Danny Phantom	https://www.lacartoons.com/serie/capitulo/8566?t=3	https://dhtpre.com/embed/y96jxh573xeu		OK
None	El Ataque del Asesino de la Venta de Garaje	Danny Phantom	https://www.lacartoons.com/serie/capitulo/8530?t=1	https://dhtpre.com/embed/6z7nuz2g368m		OK
None	Torrente de Terror	Danny Phantom	https://www.lacartoons.com/serie/capitulo/8567?t=3	https://dhtpre.com/embed/0ov9km395hob		OK
None	La Tormenta del Reino Parte 1 y Parte 2	Danny Phantom	https://www.lacartoons.com/serie/capitulo/8550?t=2	https://dhtpre.com/embed/jdexy9j2dob4		OK
None	Fantasmas Desdoblados	Danny Phantom	https://www.lacartoons.com/serie/capitulo/8531?t=1	https://dhtpre.com/embed/v5o0yxasevlg		OK
None	Crisis de Identidad	Danny Phantom	https://www.lacartoons.com/serie/capitulo/8551?t=2	https://dhtpre.com/embed/z3qmwcn48nlh		OK
None	Por Siempre Phantom	Danny Phantom	https://www.lacartoons.com/serie/capitulo/8568?t=3	https://dhtpre.com/embed/nw34kj7f8r54		OK
None	Lo Que Quieras	Danny Phantom	https://www.lacartoons.com/serie/capitulo/8532?t=1	https://dhtpre.com/embed/9umku0s38ivc		OK
None	La Amenaza Fenton	Danny Phantom	https://www.lacartoons.com/serie/capitulo/8552?t=2	https://dhtpre.com/embed/vsy9ufizxjd6		OK
None	Jungla Urbana	Danny Phantom	https://www.lacartoons.com/serie/capitulo/8569?t=3	https://dhtpre.com/embed/kpg8ej2rkrc5		OK
None	Reuniones Amargas	Danny Phantom	https://www.lacartoons.com/serie/capitulo/8533?t=1	https://dhtpre.com/embed/7fiy3gxrv756		OK
None	Danny Phantom: El Peor de los Enemigos	Danny Phantom	https://www.lacartoons.com/serie/capitulo/8553?t=2	https://dhtpre.com/embed/ufsoopdddbke		OK
None	La Gran Vida	Danny Phantom	https://www.lacartoons.com/serie/capitulo/8570?t=3	https://dhtpre.com/embed/bvac8sfbs1tm		OK
None	Prisioneros por Amor	Danny Phantom	https://www.lacartoons.com/serie/capitulo/8534?t=1	https://dhtpre.com/embed/4ufw3qhwe18s		OK
None	El Susto antes de Navidad	Danny Phantom	https://www.lacartoons.com/serie/capitulo/8554?t=2	https://dhtpre.com/embed/b74lg2am4bic		OK
None	Furia Empaquetada	Danny Phantom	https://www.lacartoons.com/serie/capitulo/8571?t=3	https://dhtpre.com/embed/78n7v31vkb2b		OK
None	La Consejera de mi Hermano	Danny Phantom	https://www.lacartoons.com/serie/capitulo/8535?t=1	https://dhtpre.com/embed/pzcl080jcpwd		OK
None	Armas Secretas	Danny Phantom	https://www.lacartoons.com/serie/capitulo/8555?t=2	https://dhtpre.com/embed/b7a8khp3rfdv		OK
None	Pesadillas de Sobresalto	Danny Phantom	https://www.lacartoons.com/serie/capitulo/8572?t=3	https://dhtpre.com/embed/jyxsczjul6nm		OK
None	Un Matiz Diferente	Danny Phantom	https://www.lacartoons.com/serie/capitulo/8536?t=1	https://dhtpre.com/embed/7cvjmlpq844e		OK
None	Coqueteando con el Desastre	Danny Phantom	https://www.lacartoons.com/serie/capitulo/8556?t=2	https://dhtpre.com/embed/pc79mq2s5w8h		EMBED_ERROR: HTTP Error 503: Service Unavailable
None	La Garra Salvaje	Danny Phantom	https://www.lacartoons.com/serie/capitulo/8573?t=3	https://dhtpre.com/embed/6fhhtxf2ysqe		OK
None	El Encantamiento de una Estrella Pop	Danny Phantom	https://www.lacartoons.com/serie/capitulo/8537?t=1	https://dhtpre.com/embed/uzrirg182v8h		OK
None	Pequeños Negocios	Danny Phantom	https://www.lacartoons.com/serie/capitulo/8557?t=2	https://dhtpre.com/embed/hivnl8i1z232		OK
None	Des-estabilizada	Danny Phantom	https://www.lacartoons.com/serie/capitulo/8574?t=3	https://dhtpre.com/embed/pasde0c068uz		OK
None	El Profesor Del Año	Danny Phantom	https://www.lacartoons.com/serie/capitulo/8538?t=1	https://dhtpre.com/embed/qw31xgx5pxne		EMBED_ERROR: HTTP Error 503: Service Unavailable
None	Feria de Belleza	Danny Phantom	https://www.lacartoons.com/serie/capitulo/8558?t=2	https://dhtpre.com/embed/ykfm7ac2mrln		OK
None	El Planeta Phantom	Danny Phantom	https://www.lacartoons.com/serie/capitulo/8575?t=3	https://dhtpre.com/embed/lg1r9jaoe1dz		OK
None	13	Danny Phantom	https://www.lacartoons.com/serie/capitulo/8539?t=1	https://dhtpre.com/embed/buiq34l1mykf		OK
None	El Rey Tucker	Danny Phantom	https://www.lacartoons.com/serie/capitulo/8559?t=2	https://dhtpre.com/embed/hz9zxt8r072w		OK
None	Enemigo Público	Danny Phantom	https://www.lacartoons.com/serie/capitulo/8540?t=1	https://dhtpre.com/embed/18gra9qu6ru3		OK
None	El Maestro De Todos Los Tiempos	Danny Phantom	https://www.lacartoons.com/serie/capitulo/8560?t=2	https://dhtpre.com/embed/ui8qqoit1fb6		OK
None	La Noche de Terror	Danny Phantom	https://www.lacartoons.com/serie/capitulo/8541?t=1	https://dhtpre.com/embed/vwaek1z2i7a9		OK
None	Viaje a la Realidad	Danny Phantom	https://www.lacartoons.com/serie/capitulo/8561?t=2	https://dhtpre.com/embed/iiu50c8fxij8		OK
None	Instintos Maternales	Danny Phantom	https://www.lacartoons.com/serie/capitulo/8542?t=1	https://dhtpre.com/embed/qmy35dfp0oab		OK
None	Una Traición Al Corazón	Danny Phantom	https://www.lacartoons.com/serie/capitulo/8562?t=2	https://dhtpre.com/embed/ofodgnx01mpc		OK
None	Afortunados en el Amor	Danny Phantom	https://www.lacartoons.com/serie/capitulo/8543?t=1	https://dhtpre.com/embed/8zvp3dd1igcn		OK
None	Espíritu Afin	Danny Phantom	https://www.lacartoons.com/serie/capitulo/8563?t=2	https://dhtpre.com/embed/myn79wl3obda		OK
None	Lecciones de Vida	Danny Phantom	https://www.lacartoons.com/serie/capitulo/8544?t=1	https://dhtpre.com/embed/ws0l7lm2w6bc		OK
None	El Fantasma del Millón de Dólares	Danny Phantom	https://www.lacartoons.com/serie/capitulo/8545?t=1	https://dhtpre.com/embed/tp2bx37q8qjd		OK
None	Desadaptados al Poder	Danny Phantom	https://www.lacartoons.com/serie/capitulo/8546?t=1	https://dhtpre.com/embed/h0lgsvg90o2f		OK
